Comment,Designator,Footprint,LCSC,Quantity
100uF,"C52,C53",CP_Elec_6.3x7.7,C72478,2
10k,"R1,R11,R12,R13,R14,R15,R2,R3,R33,R37,R38,R44,R46,R48,R51,R54,R56,R60,R61,R63,R64,R78,R80,R81,R82,R85,R92,R95",R_0402_1005Metric,C25744,28
10n,"C18,C22,C23",C_0402_1005Metric,C5137480,3
10p,"C90,C91,C92,C93,C94,C95,C96,C97",C_0402_1005Metric,C106199,8
10p,"C77,C78",C_0402_1005Metric,C1574,2
10u,"C24,C33,C55,C60",C_0805_2012Metric,C6119889,4
10u/35V,"C28,C80",C_0805_2012Metric,C6119889,2
12k1,"R24,R65",R_0402_1005Metric,C25852,2
12uH,"L10,L3",L_Abracon_ASPI-0630LR,C177243,2
1k,"R10,R43,R45,R47,R49,R50,R52,R53,R55,R62,R90,R91,R93,R94",R_0402_1005Metric,C11702,14
1u,"C12,C15,C20,C69,C71,C82,C83",C_0402_1005Metric,C52923,7
220R@100M,L2,L_0603_1608Metric,C19330,1
220R@100M,"L1,L5,L6,L7,L8,L9",L_0603_1608Metric,C80165,6
22n/50V,"C45,C47,C58,C75",C_0402_1005Metric,C1532,4
22p,"C17,C19",C_0402_1005Metric,C1555,2
22u,"C31,C32,C34,C89,C98",C_0805_2012Metric,C45783,5
22u/35V,"C48,C49,C50,C51",C_0805_2012Metric,C6119901,4
25MHz,"Y1,Y2",Crystal_SMD_2016-4Pin_2.0x1.6mm,C19711739,2
2m,R34,R_1206_3216Metric,C844294,1
2u2,"C11,C13,C44,C46",C_0402_1005Metric,C12530,4
330,"R29,R30,R77,R79,R96",R_0402_1005Metric,C25104,5
33R,"R16,R17,R18,R76",R_0402_1005Metric,C25105,4
390m,"R39,R40,R41,R42",R_1206_3216Metric,C2907353,4
3k3,R31,R_0402_1005Metric,C140170,1
3k3,"R20,R83,R84",R_0402_1005Metric,C25879,3
3u3,L4,L_0805_2012Metric,C162585,1
49R9,"R25,R26,R27,R28,R68,R69,R70,R71,R72,R73,R74,R75",R_0402_1005Metric,C25120,12
4u7,C9,C_0402_1005Metric,C307423,1
56p,"C30,C88",C_0402_1005Metric,C107007,2
5k1,"R35,R36,R4,R5,R6,R67,R7,R8,R87,R9",R_0402_1005Metric,C25905,10
74AHCT125,U11,SOIC-14_3.9x8.7mm_P1.27mm,C155176,1
8k2,R59,R_0402_1005Metric,C137929,1
AMS1117-3.3,U5,SOT-223-3_TabPin2,C6186,1
Boot,SW2,SW_SPST_TL3342_smaller,C318884,1
Compressor,D4,LED_1206_3216Metric_ReverseMount,C2827254,1
GREEN,D6,LED_1206_3216Metric_ReverseMount,C2827254,1
HR911105A_small,"ETHERNET1,EthercatA1,EthercatB1",RJ45_HANRUN_HR911105A,C12074,3
HX711,U9,SOIC-16_3.9x9.9mm_P1.27mm,C6705483,1
INA226,U6,TSSOP-10_3x3mm_P0.5mm,C49851,1
IRLML6344,"Q1,Q2,Q3,Q5,Q6",SOT-23,C5271195,5
Info,D1,LED_1206_3216Metric_ReverseMount,C2827254,1
LAN8742A,U2,VQFN-24-1EP_4x4mm_P0.5mm_EP2.5x2.5mm_ThermalVias,C621425,1
M1,"R32,R88",R_0402_1005Metric,C25741,2
MMBT4403,Q4,SOT-23_smaller,C364313,1
Micro_SD_Card_Det1,J2,microSD push,C381082,1
Motor,D2,LED_1206_3216Metric_ReverseMount,C2827254,1
RED,D7,LED_1206_3216Metric_ReverseMount,C2827254,1
Reset,SW1,SW_SPST_TL3342_smaller,C318884,1
SIT3051TK,U10,DFN-8-1EP_3x3mm_P0.65mm_EP1.55x2.4mm,C601078,1
STDC14,J1,IDC-Header_2x07_P1.27mm_Vertical_SMD,C6332251,1
STM32H563VITx,U1,LQFP-100_14x14mm_P0.5mm,C6937834,1
TMC2209,"U7,U8",QFN-28-1EP_5x5mm_P0.5mm_EP3.75x3.75mm_ThermalVias,C2150710,2
TPS54202DDC,U4,SOT-23-6_Handsoldering,C191884,1
USB STM32,"J5,J6",USB_C_Receptacle_HRO_TYPE-C-31-M-12_smaller,C165948,2
Valve,"D3,D5,D8",LED_1206_3216Metric_ReverseMount,C2827254,3
k1,"R57,R58",R_0402_1005Metric,C25076,2
k33,"R66,R86",R_0402_1005Metric,C25104,2
n47,"C21,C68",C_0402_1005Metric,C76971,2
u1,"C1,C10,C14,C16,C2,C3,C35,C38,C39,C4,C5,C54,C56,C57,C59,C6,C61,C62,C63,C64,C65,C66,C67,C7,C70,C72,C73,C74,C79,C8,C81,C85,C86,C87",C_0402_1005Metric,C1525,34
u1/16V,"C29,C84",C_0402_1005Metric,C1525,2
u1/35V,"C27,C40,C41,C42,C43,C76",C_0805_2012Metric,C49678,6
u1/50V,"C36,C37",C_0805_2012Metric,C49678,2
~,U13,QFN-64-1EP_9x9mm_P0.5mm_EP6x6mm_ThermalVias,C5745149,1
StepperUART,TP1,TestPoint_THTPad_D1.0mm_Drill0.5mm,,1
LightBarrier3,LB3,JST_XH_B3B-XH-A_1x03_P2.50mm_Vertical_smaller,,1
TOF3,I2C4,JST_XH_B5B-XH-A_1x05_P2.50mm_Vertical_smaller,,1
Valve,J30,"PhoenixContact_MC_1,5_2-G-3.5_1x02_P3.50mm_Horizontal_smallerCourtyard",,1
Valve,Valve2,"PhoenixContact_MC_1,5_2-G-3.5_1x02_P3.50mm_Horizontal_smallerCourtyard",,1
TOF2,I2C2,JST_XH_B5B-XH-A_1x05_P2.50mm_Vertical_smaller,,1
WS2812_CH1,Leds1,JST_XH_B3B-XH-A_1x03_P2.50mm_Vertical_smaller,,1
WS2812_CH2,Leds2,JST_XH_B3B-XH-A_1x03_P2.50mm_Vertical_smaller,,1
MT3608,X1,DCDC_MT3608,,1
LightBarrier2,LB2,JST_XH_B3B-XH-A_1x03_P2.50mm_Vertical_smaller,,1
LightBarrier1,LB1,JST_XH_B3B-XH-A_1x03_P2.50mm_Vertical_smaller,,1
INB,J3,JST_XH_B2B-XH-A_1x02_P2.50mm_Vertical,,1
RGB,I2C1A1,JST_XH_B5B-XH-A_1x05_P2.50mm_Vertical_smaller,,1
TOF1,I2C1B1,JST_XH_B5B-XH-A_1x05_P2.50mm_Vertical_smaller,,1
Weight,J23,JST_XH_B4B-XH-A_1x04_P2.50mm_Vertical_smaller,,1
BH10S,UEXT1,UEXTM-PTH,,1
CAN,CanBus1,JST_XH_B3B-XH-A_1x03_P2.50mm_Vertical_smaller,,1
Conveyor,Conv1,"PhoenixContact_MC_1,5_2-G-3.5_1x02_P3.50mm_Horizontal_smallerCourtyard",,1
STEP1,J17,JST_XH_B4B-XH-A_1x04_P2.50mm_Vertical_smaller,,1
Bus-Servo,Robot1,Molex_SPOX_5267-03A_1x03_P2.50mm_Vertical,,1
DC IN,J4,BarrelJack_Horizontal,,1
Compressor,Comp1,"PhoenixContact_MC_1,5_2-G-3.5_1x02_P3.50mm_Horizontal_smallerCourtyard",,1
STEP2,J18,JST_XH_B4B-XH-A_1x04_P2.50mm_Vertical_smaller,,1
Valve,Valve1,"PhoenixContact_MC_1,5_2-G-3.5_1x02_P3.50mm_Horizontal_smallerCourtyard",,1
Malibotti,Malibotti1,JST_XH_B4B-XH-A_1x04_P2.50mm_Vertical_smaller,,1
PressureTransducer,Pressure1,JST_XH_B3B-XH-A_1x03_P2.50mm_Vertical_smaller,,1
PE0,TP5,TestPoint_THTPad_D1.0mm_Drill0.5mm,,1
PD3,TP4,TestPoint_THTPad_D1.0mm_Drill0.5mm,,1
PA8,TP3,TestPoint_THTPad_D1.0mm_Drill0.5mm,,1
TPS54202DDC,U12,SOT-23-6_Handsoldering,,1
