Designator,Val,Package,Mid X,Mid Y,Rotation,Layer
C1,u1,C_0402_1005Metric,125.25,-92.3,0.0,top
C10,u1,C_0402_1005Metric,125.4,-84.04,0.0,top
C11,2u2,C_0402_1005Metric,121.2,-98.0,0.0,top
C12,1u,C_0402_1005Metric,125.4,-85.01,0.0,top
C13,2u2,C_0402_1005Metric,110.76,-79.12,90.0,top
C14,u1,C_0402_1005Metric,128.2,-84.6,180.0,top
C15,1u,C_0402_1005Metric,126.8,-83.65,-90.0,top
C16,u1,C_0402_1005Metric,133.3,-105.525,-90.0,top
C17,22p,C_0402_1005Metric,128.1,-70.4,45.0,top
C18,10n,C_0402_1005Metric,126.525,-76.5,180.0,top
C19,22p,C_0402_1005Metric,130.1,-70.1,135.0,top
C2,u1,C_0402_1005Metric,125.45,-89.65,0.0,top
C20,1u,C_0402_1005Metric,126.5,-73.62,90.0,top
C21,n47,C_0402_1005Metric,127.45,-73.62,90.0,top
C22,10n,C_0402_1005Metric,132.425,-79.775,-90.0,top
C23,10n,C_0402_1005Metric,133.55,-74.3,45.0,top
C24,10u,C_0805_2012Metric,135.375,-80.15,-90.0,top
C27,u1/35V,C_0805_2012Metric,82.075,-92.8,-90.0,top
C28,10u/35V,C_0805_2012Metric,80.075,-92.8,-90.0,top
C29,u1/16V,C_0402_1005Metric,78.575,-98.65,0.0,top
C3,u1,C_0402_1005Metric,108.5,-105.8,0.0,top
C30,56p,C_0402_1005Metric,90.575,-89.975,0.0,top
C31,22u,C_0805_2012Metric,92.525,-93.5,0.0,top
C32,22u,C_0805_2012Metric,92.525,-91.5,0.0,top
C33,10u,C_0805_2012Metric,88.425,-83.625,180.0,top
C34,22u,C_0805_2012Metric,88.425,-81.325,180.0,top
C35,u1,C_0402_1005Metric,97.95,-104.8,-90.0,top
C36,u1/50V,C_0805_2012Metric,157.664042,-109.1375,180.0,top
C37,u1/50V,C_0805_2012Metric,170.526542,-108.65,180.0,top
C38,u1,C_0402_1005Metric,150.514042,-107.5625,90.0,top
C39,u1,C_0402_1005Metric,162.364042,-108.3375,90.0,top
C4,u1,C_0402_1005Metric,122.45,-79.45,0.0,top
C40,u1/35V,C_0805_2012Metric,148.364042,-114.1375,180.0,top
C41,u1/35V,C_0805_2012Metric,161.164042,-114.1375,180.0,top
C42,u1/35V,C_0805_2012Metric,157.364042,-114.1375,0.0,top
C43,u1/35V,C_0805_2012Metric,170.164042,-114.1375,0.0,top
C44,2u2,C_0402_1005Metric,154.064042,-107.6375,180.0,top
C45,22n/50V,C_0402_1005Metric,156.464042,-111.0375,90.0,top
C46,2u2,C_0402_1005Metric,166.464042,-107.4375,180.0,top
C47,22n/50V,C_0402_1005Metric,169.264042,-110.9375,90.0,top
C48,22u/35V,C_0805_2012Metric,159.275,-116.3,180.0,top
C49,22u/35V,C_0805_2012Metric,159.364042,-111.7375,0.0,top
C5,u1,C_0402_1005Metric,109.46,-79.09,90.0,top
C50,22u/35V,C_0805_2012Metric,147.164042,-117.0375,90.0,top
C51,22u/35V,C_0805_2012Metric,171.226542,-111.4,90.0,top
C52,100uF,CP_Elec_6.3x7.7,146.026542,-107.05,270.0,top
C53,100uF,CP_Elec_6.3x7.7,173.676542,-104.05,270.0,top
C54,u1,C_0402_1005Metric,161.275,-67.925,0.0,top
C55,10u,C_0805_2012Metric,162.65,-65.0,0.0,top
C56,u1,C_0402_1005Metric,148.36,-77.91,-90.0,top
C57,u1,C_0402_1005Metric,154.475,-68.975,0.0,top
C58,22n/50V,C_0402_1005Metric,196.275606,-73.0,90.0,top
C59,u1,C_0402_1005Metric,157.97,-83.05,180.0,top
C6,u1,C_0402_1005Metric,107.86,-96.13,-90.0,top
C60,10u,C_0805_2012Metric,160.3,-74.85,90.0,top
C61,u1,C_0402_1005Metric,112.2,-100.475,45.0,top
C62,u1,C_0402_1005Metric,170.6205,-77.488414,180.0,top
C63,u1,C_0402_1005Metric,210.074489,-85.775,0.0,top
C64,u1,C_0402_1005Metric,209.699489,-91.4,0.0,top
C65,u1,C_0402_1005Metric,206.875095,-94.8,180.0,top
C66,u1,C_0402_1005Metric,201.729489,-94.9,0.0,top
C67,u1,C_0402_1005Metric,197.774489,-92.455,-90.0,top
C68,n47,C_0402_1005Metric,197.200095,-88.075,180.0,top
C69,1u,C_0402_1005Metric,197.000095,-89.0,180.0,top
C7,u1,C_0402_1005Metric,123.02,-96.6,0.0,top
C70,u1,C_0402_1005Metric,197.200095,-87.15,180.0,top
C71,1u,C_0402_1005Metric,204.849489,-81.7,90.0,top
C72,u1,C_0402_1005Metric,208.124489,-83.4,0.0,top
C73,u1,C_0402_1005Metric,214.275,-73.275,90.0,top
C74,u1,C_0402_1005Metric,198.275095,-83.8,90.0,top
C75,22n/50V,C_0402_1005Metric,141.375,-73.15,90.0,top
C76,u1/35V,C_0805_2012Metric,182.526542,-106.35,180.0,top
C77,10p,C_0402_1005Metric,194.325095,-83.925,45.0,top
C78,10p,C_0402_1005Metric,194.250095,-86.6,135.0,top
C79,u1,C_0402_1005Metric,202.074489,-82.675,90.0,top
C8,u1,C_0402_1005Metric,106.9,-96.14,-90.0,top
C80,10u/35V,C_0805_2012Metric,182.526542,-108.35,180.0,top
C81,u1,C_0402_1005Metric,203.924489,-82.675,90.0,top
C82,1u,C_0402_1005Metric,201.149489,-81.775,90.0,top
C83,1u,C_0402_1005Metric,202.999489,-83.075,90.0,top
C84,u1/16V,C_0402_1005Metric,178.726542,-103.2,0.0,top
C85,u1,C_0402_1005Metric,210.199489,-96.85,-90.0,top
C86,u1,C_0402_1005Metric,203.225095,-95.25,-90.0,top
C87,u1,C_0402_1005Metric,209.085095,-89.45,90.0,top
C88,56p,C_0402_1005Metric,183.451542,-115.525,-90.0,top
C89,22u,C_0805_2012Metric,175.226542,-118.05,180.0,top
C9,4u7,C_0402_1005Metric,108.5,-78.7,90.0,top
C90,10p,C_0402_1005Metric,205.6,-77.0,180.0,top
C91,10p,C_0402_1005Metric,205.2,-75.375,0.0,top
C92,10p,C_0402_1005Metric,209.475,-80.925,0.0,top
C93,10p,C_0402_1005Metric,207.399489,-80.925,0.0,top
C94,10p,C_0402_1005Metric,196.625,-81.15,90.0,top
C95,10p,C_0402_1005Metric,198.425,-78.7,180.0,top
C96,10p,C_0402_1005Metric,190.64918,-78.825,180.0,top
C97,10p,C_0402_1005Metric,192.9,-80.0,180.0,top
C98,22u,C_0805_2012Metric,182.576542,-118.05,0.0,top
CanBus1,CAN,JST_XH_B3B-XH-A_1x03_P2.50mm_Vertical_smaller,117.7,-106.175,0.0,bottom
Comp1,Compressor,"PhoenixContact_MC_1,5_2-G-3.5_1x02_P3.50mm_Horizontal_smallerCourtyard",89.0,-65.555,180.0,bottom
Conv1,Conveyor,"PhoenixContact_MC_1,5_2-G-3.5_1x02_P3.50mm_Horizontal_smallerCourtyard",97.55,-65.555,180.0,bottom
D1,Info,LED_1206_3216Metric_ReverseMount,109.975,-74.525,180.0,top
D2,Motor,LED_1206_3216Metric_ReverseMount,97.56,-68.05,0.0,top
D3,Valve,LED_1206_3216Metric_ReverseMount,80.576747,-67.996585,0.0,top
D4,Compressor,LED_1206_3216Metric_ReverseMount,89.0,-68.0,0.0,top
D5,Valve,LED_1206_3216Metric_ReverseMount,88.075,-111.0,0.0,top
D6,GREEN,LED_1206_3216Metric_ReverseMount,218.125095,-82.0,0.0,top
D7,RED,LED_1206_3216Metric_ReverseMount,187.000095,-82.0,180.0,top
D8,Valve,LED_1206_3216Metric_ReverseMount,79.575,-111.0,0.0,top
ETHERNET1,HR911105A_small,RJ45_HANRUN_HR911105A,140.765,-70.5375,180.0,bottom
EthercatA1,HR911105A_small,RJ45_HANRUN_HR911105A,213.625606,-70.4025,180.0,bottom
EthercatB1,HR911105A_small,RJ45_HANRUN_HR911105A,195.675606,-70.3875,180.0,bottom
H1,MountingHole,MountingHole_4.3mm_M4_DIN965,235.0,-65.0,0.0,top
H2,MountingHole,MountingHole_4.3mm_M4_DIN965,235.0,-115.0,0.0,top
H3,MountingHole,MountingHole_4.3mm_M4_DIN965,65.0,-115.0,0.0,top
H4,MountingHole,MountingHole_4.3mm_M4_DIN965,65.0,-65.0,0.0,top
I2C1A1,RGB,JST_XH_B5B-XH-A_1x05_P2.50mm_Vertical_smaller,179.9,-61.1,180.0,bottom
I2C1B1,TOF1,JST_XH_B5B-XH-A_1x05_P2.50mm_Vertical_smaller,179.9,-67.25,180.0,bottom
I2C2,TOF2,JST_XH_B5B-XH-A_1x05_P2.50mm_Vertical_smaller,124.8,-67.25,180.0,bottom
I2C4,TOF3,JST_XH_B5B-XH-A_1x05_P2.50mm_Vertical_smaller,109.5,-67.25,180.0,bottom
J1,STDC14,IDC-Header_2x07_P1.27mm_Vertical_SMD,102.3,-96.2,-90.0,top
J17,STEP1,JST_XH_B4B-XH-A_1x04_P2.50mm_Vertical_smaller,152.876542,-117.0,0.0,bottom
J18,STEP2,JST_XH_B4B-XH-A_1x04_P2.50mm_Vertical_smaller,165.676542,-117.0,0.0,bottom
J2,Micro_SD_Card_Det1,microSD push,134.626542,-112.975,0.0,top
J23,Weight,JST_XH_B4B-XH-A_1x04_P2.50mm_Vertical_smaller,155.6,-67.25,180.0,bottom
J3,INB,JST_XH_B2B-XH-A_1x02_P2.50mm_Vertical,153.55,-73.75,180.0,bottom
J30,Valve,"PhoenixContact_MC_1,5_2-G-3.5_1x02_P3.50mm_Horizontal_smallerCourtyard",79.5,-114.4,0.0,bottom
J4,DC IN,BarrelJack_Horizontal,105.226542,-111.625,90.0,bottom
J5,USB STM32,USB_C_Receptacle_HRO_TYPE-C-31-M-12_smaller,98.0,-117.14,180.0,top
J6,USB STM32,USB_C_Receptacle_HRO_TYPE-C-31-M-12_smaller,121.5,-117.14,180.0,top
JP1,5-24,SolderJumper-3_P1.3mm_Open_RoundedPad1.0x1.5mm_NumberLabels,121.6,-60.0,90.0,top
JP2,5-24,SolderJumper-3_P1.3mm_Open_RoundedPad1.0x1.5mm_NumberLabels,111.4,-60.0,90.0,top
JP3,5-24,SolderJumper-3_P1.3mm_Open_RoundedPad1.0x1.5mm_NumberLabels,131.775,-60.0,90.0,top
L1,220R@100M,L_0603_1608Metric,128.8,-83.35,180.0,top
L10,12uH,L_Abracon_ASPI-0630LR,178.876542,-113.2,90.0,top
L2,220R@100M,L_0603_1608Metric,133.625,-80.375,90.0,top
L3,12uH,L_Abracon_ASPI-0630LR,86.925,-96.45,180.0,top
L4,3u3,L_0805_2012Metric,158.7,-64.975,180.0,top
L5,220R@100M,L_0603_1608Metric,201.05,-79.35,-90.0,top
L6,220R@100M,L_0603_1608Metric,163.55,-78.525,90.0,top
L7,220R@100M,L_0603_1608Metric,202.525,-78.525,-90.0,top
L8,220R@100M,L_0603_1608Metric,212.3,-73.1,0.0,top
L9,220R@100M,L_0603_1608Metric,194.325,-73.175,0.0,top
LB1,LightBarrier1,JST_XH_B3B-XH-A_1x03_P2.50mm_Vertical_smaller,106.9,-60.0,0.0,bottom
LB2,LightBarrier2,JST_XH_B3B-XH-A_1x03_P2.50mm_Vertical_smaller,117.1,-60.0,0.0,bottom
LB3,LightBarrier3,JST_XH_B3B-XH-A_1x03_P2.50mm_Vertical_smaller,127.3,-60.0,0.0,bottom
Leds1,WS2812_CH1,JST_XH_B3B-XH-A_1x03_P2.50mm_Vertical_smaller,167.1,-67.25,180.0,bottom
Leds2,WS2812_CH2,JST_XH_B3B-XH-A_1x03_P2.50mm_Vertical_smaller,167.1,-61.1,180.0,bottom
Malibotti1,Malibotti,JST_XH_B4B-XH-A_1x04_P2.50mm_Vertical_smaller,155.6,-61.1,180.0,bottom
NT1,NetTie_2,NetTie-2_SMD_Pad0.5mm,126.75,-85.3,-90.0,top
NT2,NetTie_2,NetTie-2_SMD_Pad0.5mm,127.2,-69.7,0.0,top
NT4,NetTie_2,NetTie-2_SMD_Pad0.5mm,192.725095,-85.3,0.0,top
Pressure1,PressureTransducer,JST_XH_B3B-XH-A_1x03_P2.50mm_Vertical_smaller,122.3,-73.443232,180.0,bottom
Q1,IRLML6344,SOT-23,99.2,-62.6,180.0,top
Q2,IRLML6344,SOT-23,82.2,-62.475,180.0,top
Q3,IRLML6344,SOT-23,90.7,-62.5,180.0,top
Q4,MMBT4403,SOT-23_smaller,160.91,-78.275,90.0,top
Q5,IRLML6344,SOT-23,87.35,-117.35,90.0,top
Q6,IRLML6344,SOT-23,79.4,-117.35,90.0,top
R1,10k,R_0402_1005Metric,124.175,-112.77,-90.0,top
R10,1k,R_0402_1005Metric,108.275,-76.375,-90.0,top
R11,10k,R_0402_1005Metric,129.776542,-106.0,0.0,top
R12,10k,R_0402_1005Metric,131.9,-105.975,180.0,top
R13,10k,R_0402_1005Metric,134.85,-104.675,-90.0,top
R14,10k,R_0402_1005Metric,135.825,-104.675,-90.0,top
R15,10k,R_0402_1005Metric,149.7,-63.65,0.0,top
R16,33R,R_0402_1005Metric,126.525,-75.575,0.0,top
R17,33R,R_0402_1005Metric,124.575,-75.075,0.0,top
R18,33R,R_0402_1005Metric,126.525,-77.475,0.0,top
R2,10k,R_0402_1005Metric,125.125,-112.775,90.0,top
R20,3k3,R_0402_1005Metric,127.45,-79.3,180.0,top
R24,12k1,R_0402_1005Metric,136.2,-71.6,90.0,top
R25,49R9,R_0402_1005Metric,135.95,-76.15,180.0,top
R26,49R9,R_0402_1005Metric,133.35,-77.95,90.0,top
R27,49R9,R_0402_1005Metric,139.125,-73.125,0.0,top
R28,49R9,R_0402_1005Metric,137.6,-73.55,-90.0,top
R29,330,R_0402_1005Metric,138.75,-63.65,0.0,top
R3,10k,R_0402_1005Metric,133.15,-100.5,0.0,top
R30,330,R_0402_1005Metric,142.5,-63.6,180.0,top
R31,3k3,R_0402_1005Metric,89.1,-86.6,-90.0,top
R32,M1,R_0402_1005Metric,90.55,-88.975,180.0,top
R33,10k,R_0402_1005Metric,89.1,-88.475,-90.0,top
R34,2m,R_1206_3216Metric,98.425,-110.8,180.0,top
R35,5k1,R_0402_1005Metric,119.825,-112.775,90.0,top
R36,5k1,R_0402_1005Metric,123.225,-112.775,90.0,top
R37,10k,R_0402_1005Metric,124.685,-71.675,0.0,top
R38,10k,R_0402_1005Metric,122.685,-71.675,0.0,top
R39,390m,R_1206_3216Metric,148.676542,-119.95,180.0,top
R4,5k1,R_0402_1005Metric,105.325,-104.7,-90.0,top
R40,390m,R_1206_3216Metric,161.326542,-119.95,180.0,top
R41,390m,R_1206_3216Metric,154.014042,-119.95,180.0,top
R42,390m,R_1206_3216Metric,166.726542,-119.95,180.0,top
R43,1k,R_0402_1005Metric,117.725,-98.475,-90.0,top
R44,10k,R_0402_1005Metric,156.15,-106.75,0.0,top
R45,1k,R_0402_1005Metric,100.975,-67.9,0.0,top
R46,10k,R_0402_1005Metric,150.926542,-106.1,0.0,top
R47,1k,R_0402_1005Metric,100.9,-65.4,-90.0,top
R48,10k,R_0402_1005Metric,102.325,-64.95,180.0,top
R49,1k,R_0402_1005Metric,83.955067,-67.846912,0.0,top
R5,5k1,R_0402_1005Metric,106.15,-70.8,180.0,top
R50,1k,R_0402_1005Metric,83.9,-65.4,-90.0,top
R51,10k,R_0402_1005Metric,84.85,-65.4,90.0,top
R52,1k,R_0402_1005Metric,115.49,-79.6,0.0,top
R53,1k,R_0402_1005Metric,92.31,-67.85,0.0,top
R54,10k,R_0402_1005Metric,115.49,-78.66,0.0,top
R55,1k,R_0402_1005Metric,92.4,-65.4,-90.0,top
R56,10k,R_0402_1005Metric,93.375,-65.4,90.0,top
R57,k1,R_0402_1005Metric,148.335,-75.985,90.0,top
R58,k1,R_0402_1005Metric,152.625,-68.975,0.0,top
R59,8k2,R_0402_1005Metric,156.325,-68.975,180.0,top
R6,5k1,R_0402_1005Metric,116.275,-67.8,0.0,top
R60,10k,R_0402_1005Metric,155.275,-64.55,180.0,top
R61,10k,R_0402_1005Metric,155.265,-65.55,0.0,top
R62,1k,R_0402_1005Metric,112.85,-99.15,135.0,top
R63,10k,R_0402_1005Metric,117.175,-103.525,135.0,top
R64,10k,R_0402_1005Metric,194.125095,-89.975,-90.0,top
R65,12k1,R_0402_1005Metric,203.8,-78.9,-90.0,top
R66,k33,R_0402_1005Metric,209.525,-65.425,-90.0,top
R67,5k1,R_0402_1005Metric,195.575095,-88.55,-90.0,top
R68,49R9,R_0402_1005Metric,205.575,-77.95,0.0,top
R69,49R9,R_0402_1005Metric,205.2,-74.4,180.0,top
R7,5k1,R_0402_1005Metric,108.5,-80.6,-90.0,top
R70,49R9,R_0402_1005Metric,209.475,-79.975,180.0,top
R71,49R9,R_0402_1005Metric,207.424489,-79.975,180.0,top
R72,49R9,R_0402_1005Metric,197.9,-81.125,-90.0,top
R73,49R9,R_0402_1005Metric,198.425,-79.65,0.0,top
R74,49R9,R_0402_1005Metric,190.64918,-79.775,0.0,top
R75,49R9,R_0402_1005Metric,192.85,-78.7,0.0,top
R76,33R,R_0402_1005Metric,129.2,-80.15,90.0,top
R77,330,R_0402_1005Metric,216.424489,-83.975,-90.0,top
R78,10k,R_0402_1005Metric,217.874489,-84.45,180.0,top
R79,330,R_0402_1005Metric,188.725095,-83.95,-90.0,top
R8,5k1,R_0402_1005Metric,177.575,-68.9,0.0,top
R80,10k,R_0402_1005Metric,187.275095,-84.45,0.0,top
R81,10k,R_0402_1005Metric,205.15,-63.525,180.0,top
R82,10k,R_0402_1005Metric,189.075,-65.275,-90.0,top
R83,3k3,R_0402_1005Metric,210.149489,-89.1,90.0,top
R84,3k3,R_0402_1005Metric,210.175,-92.8,90.0,top
R85,10k,R_0402_1005Metric,212.099489,-98.7,180.0,top
R86,k33,R_0402_1005Metric,191.625,-65.275,-90.0,top
R87,5k1,R_0402_1005Metric,181.326542,-102.535,-90.0,top
R88,M1,R_0402_1005Metric,184.401542,-115.525,90.0,top
R9,5k1,R_0402_1005Metric,175.65,-68.9,180.0,top
R90,1k,R_0402_1005Metric,91.725,-116.375,-90.0,top
R91,1k,R_0402_1005Metric,90.775,-117.4,90.0,top
R92,10k,R_0402_1005Metric,89.8,-117.39,-90.0,top
R93,1k,R_0402_1005Metric,83.45,-111.0,0.0,top
R94,1k,R_0402_1005Metric,82.375,-118.325,0.0,top
R95,10k,R_0402_1005Metric,82.375,-119.325,180.0,top
R96,330,R_0402_1005Metric,181.326542,-104.41,-90.0,top
Robot1,Bus-Servo,Molex_SPOX_5267-03A_1x03_P2.50mm_Vertical,181.076542,-120.1,0.0,bottom
SW1,Reset,SW_SPST_TL3342_smaller,108.57,-102.475,-90.0,top
SW2,Boot,SW_SPST_TL3342_smaller,128.1,-98.425,180.0,top
TP1,StepperUART,TestPoint_THTPad_D1.0mm_Drill0.5mm,148.85,-101.9,0.0,bottom
TP3,PA8,TestPoint_THTPad_D1.0mm_Drill0.5mm,109.35,-90.75,0.0,bottom
TP4,PD3,TestPoint_THTPad_D1.0mm_Drill0.5mm,113.6,-94.9,0.0,bottom
TP5,PE0,TestPoint_THTPad_D1.0mm_Drill0.5mm,119.85,-94.8,0.0,bottom
U1,STM32H563VITx,LQFP-100_14x14mm_P0.5mm,115.6,-88.8,90.0,top
U10,SIT3051TK,DFN-8-1EP_3x3mm_P0.65mm_EP1.55x2.4mm,114.2,-102.166244,225.0,top
U11,74AHCT125,SOIC-14_3.9x8.7mm_P1.27mm,167.5605,-73.285914,180.0,top
U12,TPS54202DDC,SOT-23-6_Handsoldering,179.026542,-106.35,0.0,top
U13,~,QFN-64-1EP_9x9mm_P0.5mm_EP6x6mm_ThermalVias,203.500095,-89.15,0.0,top
U2,LAN8742A,VQFN-24-1EP_4x4mm_P0.5mm_EP2.5x2.5mm_ThermalVias,130.2,-76.55,180.0,top
U4,TPS54202DDC,SOT-23-6_Handsoldering,80.06,-96.35,90.0,top
U5,AMS1117-3.3,SOT-223-3_TabPin2,94.525,-81.325,180.0,top
U6,INA226,TSSOP-10_3x3mm_P0.5mm,101.6,-105.6,90.0,top
U7,TMC2209,QFN-28-1EP_5x5mm_P0.5mm_EP3.75x3.75mm_ThermalVias,152.864042,-111.2375,90.0,top
U8,TMC2209,QFN-28-1EP_5x5mm_P0.5mm_EP3.75x3.75mm_ThermalVias,165.664042,-111.2375,90.0,top
U9,HX711,SOIC-16_3.9x9.9mm_P1.27mm,154.1125,-78.85,180.0,top
UEXT1,BH10S,UEXTM-PTH,197.146542,-117.77,180.0,bottom
Valve1,Valve,"PhoenixContact_MC_1,5_2-G-3.5_1x02_P3.50mm_Horizontal_smallerCourtyard",80.5,-65.555,180.0,bottom
Valve2,Valve,"PhoenixContact_MC_1,5_2-G-3.5_1x02_P3.50mm_Horizontal_smallerCourtyard",88.0,-114.395,0.0,bottom
X1,MT3608,DCDC_MT3608,84.999621,-90.0,270.0,bottom
Y1,25MHz,Crystal_SMD_2016-4Pin_2.0x1.6mm,129.4,-71.9,-45.0,top
Y2,25MHz,Crystal_SMD_2016-4Pin_2.0x1.6mm,195.625095,-85.2,45.0,top
